ticid,periods
670036,5.405904436
677945,5.95656414
1003831,9.19556627
1003831,9.963752119
1003831,9.292504661
1129033,11.19500103
1528696,5.507918584
4070275,5.255416541
4646810,11.2298816
4646810,11.19500234
5882269,4.321152861
5882269,4.407946671
5882269,4.40958795
7059054,9.941409929
7059054,9.874450509
8260536,3.575264474
8348911,2.829518022
8400842,7.579052823
9006668,12.62765713
9348006,5.290540155
9348006,5.500604511
11023038,8.172298932
14614418,8.544308147
15445551,0.59484074
15756231,2.966369746
15756231,2.898346831
15756231,2.953327382
15756231,2.952942976
16288184,12.67359447
16740101,3.408410281
17993892,5.282405185
18310799,6.663112483
18310799,6.312292084
19342878,11.91550295
22221375,10.94231441
22221375,10.09943984
26078330,10.05848046
26416803,9.748038651
26541079,0.186530544
26541144,11.43539697
26547036,15.32565813
26547036,9.601249417
26547036,8.755953733
26584080,4.215160721
26584080,4.206214252
26584080,4.205171911
26584080,4.243243615
26657091,7.135463388
26826078,6.62254036
27010191,2.608734588
27010191,2.594026288
27010191,2.534897239
27010191,2.534724555
27010191,2.6168064
27010191,2.616692353
27010191,2.577184735
27010191,2.577028583
27010191,2.51190771
27010191,2.511750389
27064468,4.665299308
27064468,4.386310912
27064468,4.438675506
27084006,3.73342929
27084006,3.749486487
27186509,5.393897892
27186509,5.708633337
27240575,4.64542387
27491137,7.035184024
27491137,13.72380887
27639443,0.123095464
27639443,0.123107038
27639443,0.123108529
27639443,0.123183763
27639443,0.123089422
27645404,5.265941912
27645404,10.71518081
27769688,12.48631747
27769688,6.345010845
27769688,6.458026491
27769688,6.457685368
27769688,6.041233545
27769688,6.219624289
27769688,6.219294588
27769688,6.772460061
27769688,6.641736687
27848472,11.70122812
27848472,12.49233254
27988327,0.489481652
28159518,7.348449159
28159518,7.402049707
28159758,0.192802518
28229515,3.383958752
28229515,7.67692937
28230919,10.55973771
28230919,9.673523112
28230919,10.61844926
28230919,10.617855
28230919,10.7151709
28357724,0.186550975
28357724,0.186406539
28357724,0.186352622
28357724,0.186562668
28357724,0.186406777
28357724,0.186548652
28357724,0.186402136
28357724,0.186454478
28361088,0.051523005
29191624,5.977397467
29960110,11.22215125
31374837,13.65595998
32949762,0.523714882
32949762,0.52419356
34068865,10.7545586
35516889,9.18907102
36734222,12.61233971
37168957,5.325112783
37168957,5.752265544
37168957,5.305638572
37749396,12.09325908
38200266,12.17915769
38846515,13.29197728
39414571,9.794980425
39903405,5.465549758
39936432,8.816282571
40292751,10.51824233
47911178,3.827356969
47976987,4.789140303
48353358,2.237424095
48353358,2.236404255
48353358,2.218306128
48353358,2.231318347
48353358,2.249470687
48353902,9.945707774
48353902,5.84814077
48506505,6.23254979
48506505,6.457739578
48506505,6.041066964
48506505,6.444539404
48506505,6.316823309
49040478,6.059280499
49984349,10.14450427
50618703,7.537160305
51234631,11.43511125
55525572,5.101577692
55650590,13.00303588
55652896,12.28706861
56399553,10.06510055
56399553,6.044080474
56399553,5.675531273
56658270,10.05939033
56658270,10.94452679
56658270,10.80037712
56658270,9.954772117
56658270,10.50726327
56658273,10.05939033
56658273,10.94452679
56754291,6.562788824
58542531,11.12362386
58542531,10.93199226
58542531,12.01688216
61098812,5.403352273
62483237,15.04434862
62483237,7.031606298
62483237,7.047778179
63006978,9.082900713
63130782,0.348920564
63205796,0.229000155
63206513,8.182713547
63206513,9.082912346
63212809,0.301254419
63213622,6.117202169
63213622,5.870208394
63213622,6.232548992
63213622,5.888146611
63213622,5.788557646
63213622,6.44455835
63213622,5.754399977
63283780,5.813926362
63283780,5.708600704
63293562,7.992263466
63368895,6.674168441
63373449,9.601195118
63452790,12.4924422
71582156,12.16956627
75878355,12.76013005
76923707,9.284035163
76923707,10.00833252
77031414,5.49136985
77044471,5.745072161
79748331,10.07699598
79748331,10.92111693
81247740,5.078931392
83092282,3.79502532
84339983,7.062924868
88992642,3.982886881
96199085,4.919101719
97921547,0.664549633
98591691,4.100454492
98594138,14.76159307
98720809,6.531405591
98751904,3.40952502
98796344,1.400927637
98796344,1.391826654
98796344,1.407134911
100100827,10.86301543
101011575,5.620951566
102840239,15.36641495
104024556,1.174987993
116264089,8.902887019
116483514,8.584926616
118956453,8.027153574
118956453,7.979507138
118956453,7.616822652
119584412,7.976577854
120043638,2.677744541
120103486,7.992196491
120105003,6.117157811
120105003,6.141342414
120105003,5.615117939
120105003,6.083575788
120105003,6.159837207
120105470,2.657881468
120105470,2.574052626
120105470,2.643877668
120105470,2.534928236
120105470,2.53475555
120105470,2.628026669
120105470,2.627867901
120105569,7.992201896
120253552,5.026759328
120571308,0.377162664
120571308,0.377469431
120578688,10.48516654
120578688,11.42061968
120629799,11.4341791
120762000,0.159589584
120762000,0.159678422
120763491,0.246431057
120763491,0.246670042
120765800,7.960431393
120896927,11.31995176
120961712,7.135404142
121021644,9.739636751
121121775,10.20056493
121123361,10.03563034
121462999,5.875629201
121490076,9.990809611
121490076,9.267405913
121490076,9.267072613
121603761,8.502717002
121603794,5.621942996
121734474,2.078828536
121865123,3.610788525
121865123,3.557879915
121865123,3.631547451
122137575,6.415628331
122137575,6.316802009
122442334,0.140299678
122442545,7.502303977
122450696,4.692225669
122450696,4.640706802
122450696,4.656435138
122450696,4.656156457
122450696,4.78812445
122450696,4.787941835
122450696,4.994192074
122450696,4.993931452
122507231,0.085497855
122507231,0.085460212
122673489,13.79908805
122784501,8.544123258
122784501,8.502723537
123416753,7.553783249
123444694,9.43041814
123444694,9.763123943
123449386,8.768430614
123496782,4.422331593
125060509,6.493114197
129979528,0.526151057
129979528,0.525820537
130162252,1.087365603
130181866,3.198288075
130181866,3.20109574
130181866,3.19792643
130181866,3.209098738
130181866,3.457494781
135043332,7.312606433
135043332,7.311928858
137099260,10.53328549
137151294,6.785923452
137217372,9.08289068
137317096,0.17415403
137413972,9.082895434
137413972,9.601173279
137414304,8.502737428
137545963,0.159774417
137545963,0.159931201
137557778,0.31645379
137557778,0.31645802
137817355,8.429886391
137817355,8.088501789
137817355,8.006699846
137817355,8.182748658
137817355,8.50273632
137817355,7.851581131
137899873,3.010897414
137899873,3.032124566
137899873,3.12074537
137968594,0.172132917
137968594,0.172050583
137968594,0.172063914
137968594,0.172242264
138105005,9.748375516
138105005,9.082901853
138105005,8.937689542
138105005,9.601176676
138219367,0.150223193
138219428,0.150223193
138364751,4.656140169
138433618,6.1172103
138433618,5.870210915
138433618,6.159783684
138433618,6.146974042
138433618,6.022505804
138477646,9.741472954
138477646,10.443834
138477646,9.848097605
138477646,9.748031983
138477646,9.601538318
138477646,9.601180747
138888759,3.705706824
138960099,0.319080269
138969239,11.43538684
139036554,4.853770199
139106013,12.50652243
139106731,4.07213809
139106731,3.903664937
139106731,7.851601527
140691463,9.846591377
142276270,8.432371225
142276270,8.974004573
142276270,8.633870761
142276270,8.520233653
142276270,9.076809513
142276270,8.410174978
142276270,8.926019174
142381532,6.316580797
142387023,9.945935594
142387023,9.945684882
142387023,9.167134608
142387023,9.832488745
142394656,10.97490229
142394656,10.65170637
142394656,10.71521169
142394656,10.60249525
142748283,4.415037305
142748283,4.339547383
142937186,11.19505845
144065872,9.312074307
144065872,9.990756686
144401492,6.550896935
146520535,3.447969224
148673433,10.39723988
149603524,7.330194503
149603524,7.129573085
149918151,12.67682294
150030205,12.54388516
150151262,12.29972889
150151262,12.27598239
150151262,12.18983251
150151262,11.97407433
150151262,12.4764811
150151262,12.44654775
150151262,11.84816584
151825527,9.065576697
151825527,9.760540595
151825527,9.760020499
154089169,12.61755084
154089169,13.52561493
154089169,12.95807256
154872375,5.221258879
154872375,5.59826018
154872375,4.950804916
154872375,4.930571845
154872375,5.026748124
154872375,5.592129079
154872375,5.151853023
154872375,4.962855843
154872375,4.990800259
154872375,5.005529698
154872375,5.005236945
157910432,11.02747746
158002130,8.696428617
158167159,8.470324296
158167159,8.502454158
158213683,0.573903269
158213683,0.573545248
158213683,0.574820193
158213683,0.574634497
158213683,0.575868374
158215347,9.050013872
158241252,11.10755064
158270511,4.789161836
158270568,7.960431204
158270841,4.621777738
158316612,4.789164522
158320130,3.275285465
158320130,3.439921296
158320130,3.446262876
158320130,3.401325194
158320130,3.329455928
158320130,3.36526421
158320130,3.383997341
158320130,3.338337507
158320130,3.443656679
158320130,3.360660633
158322085,10.71522949
158324326,7.508442152
158325998,9.05001709
158389981,0.196366926
158389981,0.196473259
158389981,0.19632661
158389981,0.1963167
158389981,0.196311776
158389981,0.196438213
158389981,0.19630732
158393923,8.470329766
158394286,7.508442501
158426969,4.621782644
158432813,4.621782791
158433884,4.621782752
158486842,4.969129302
158487005,4.789165861
158551888,4.65579273
158555987,1.271426403
158555987,1.259849452
158625100,5.627260793
158631520,1.103019245
158631520,1.088397037
158631520,1.091108373
158631520,1.087377726
158631520,1.091150657
158657354,4.691332498
158657354,4.886927796
158660814,4.655972866
158722002,7.105028566
158786851,5.621963721
158792743,0.539689756
158792743,0.539795706
158837572,0.172722188
158837572,0.17293391
158840828,6.457724024
158989438,9.748017241
159050852,10.0356475
159050852,9.763080167
159050852,8.937358429
159102744,0.188209672
159174926,10.8041711
159225367,6.785921221
159376971,11.3885057
159379942,12.46130932
159418353,9.566208243
159418353,10.47326806
159418353,8.660501082
159418353,8.768352277
159418353,9.098224423
159418353,9.94553385
159418353,9.175405642
159440697,10.71522167
159440697,10.48519385
159440697,9.748025404
159580535,9.082902858
159721015,1.20299227
159721015,1.159623123
159725995,4.141015752
159873822,7.942429471
159873822,7.922273179
159873822,8.115490073
160045097,11.46210197
160045097,5.862727288
160045097,5.393896133
160045097,12.19158584
160045097,6.041129227
160045097,9.945604998
160708862,0.184718984
162689341,1.79851176
164457525,6.481555803
164464070,15.1489095
164525250,8.768434273
164646661,6.415595119
164652245,8.768440574
164654277,7.469582394
164654277,7.992214547
164654277,7.851585899
164721759,8.006737327
164723619,8.768439751
164780824,0.266816735
164780824,0.266813434
164832454,13.51041084
164886497,11.10762041
164886812,5.373566952
164886812,5.340392645
164886812,5.556343099
164886812,5.37291942
164886812,5.399005672
166527623,1.420797565
166527623,1.421451962
166527623,1.418048234
166836920,10.93180007
168811794,8.93736453
169081296,6.810415163
169226822,10.96674985
169459324,3.650469771
169461816,0.090776488
169461816,0.090782543
169560572,7.317931044
169560572,3.535137197
169560572,3.5450061
170344769,10.61807863
170344769,9.748061078
170344769,9.601208203
171510762,0.148599621
171510762,0.148624239
171510762,0.148627704
171510762,0.14866914
171971913,8.50278464
171971913,8.937376187
171972797,8.35939513
172900988,11.30069874
175193677,8.645569473
175193677,7.849432906
175193677,8.036615497
175193677,8.461007029
175193677,8.451848793
175262071,5.780968749
175262071,5.752323597
175262071,5.895813357
175265494,5.118884325
176868951,3.536293952
176868951,3.647143094
178155732,3.088487427
178284730,9.5188994
178289267,11.19515773
178367144,4.75766703
178367144,4.752623402
178367144,5.094866087
179034327,12.29207951
180695581,8.539648019
180695581,8.585958344
180695581,8.507388849
183532609,7.676026793
183532609,8.175207436
183532609,8.009617454
183532609,13.3250889
184164097,0.588990431
184240683,8.000826424
184471242,0.346116171
185062313,3.631596352
187960878,0.63832283
188768068,9.721948073
188768068,8.785254195
188768068,8.768638454
188768068,9.098309894
188768068,9.71474532
190998418,8.986603065
192415680,11.92516217
192790476,6.009037182
192790476,5.752196377
192790476,5.818934981
192790476,5.805500019
194795551,11.0905516
198008005,6.311114281
198008005,6.218398233
198153540,4.875510313
198385543,11.79663584
198390247,3.54262381
198588220,5.355282749
200322593,0.725610652
200322593,0.72711287
200322593,0.72843209
200322593,0.725075104
200322593,0.728883882
200723869,5.051911748
201248411,6.068934604
201248411,5.907157248
201248411,5.903225158
201248411,5.90486782
201248411,5.706893993
201248411,5.697682368
201604954,0.631606437
201604954,0.630630102
201604954,0.632136073
202426247,4.371119209
202426247,4.482335977
202426247,4.527798285
202426247,4.434067064
202426247,4.481311182
202426247,4.522819407
202426247,4.484155081
202426247,4.372610847
202426247,4.51632837
202426247,4.438047339
202426247,4.478445777
202426247,4.478271498
202426247,4.674533435
207141131,8.400430568
207141131,8.750099579
207141131,8.634904874
207141131,8.470395691
207141131,8.982100104
207141131,8.611374402
207141131,8.602595099
207141131,8.761906695
207141131,8.662932992
207468071,13.43961301
219344917,12.41177002
219852882,10.97603142
219852882,11.0846538
219852882,10.8048498
219852882,10.80456437
219852882,10.44578741
219852882,10.44534718
219852882,11.0271523
219852882,10.09084267
219852882,10.20075416
219852882,10.74832704
219852882,10.90238581
219852882,10.90218623
219852882,11.43522363
219852882,9.832540889
219852882,10.61298439
219852882,11.38391512
219852882,10.5143333
220323515,9.598600235
221861843,12.17360713
224225541,3.822072561
224225541,3.802507375
224225541,3.774835638
224225541,3.779199808
229510866,6.518638525
229650439,10.53326599
229747848,8.525640426
229747848,7.22952704
229747848,13.40430292
229747848,7.920979404
229747848,7.634298628
229747848,8.088632359
229747848,8.214626656
229747848,8.046738559
229747848,7.176834779
229747848,8.18262936
229747848,8.585856953
229747848,8.359844772
229747848,8.359496269
229747848,7.832717499
229791084,10.12763533
230001847,6.936720175
230741378,0.084482962
231663901,9.927337133
232568235,8.851618594
232568235,8.477202892
232568235,8.325318224
232941965,9.279199332
233087860,10.75526321
233087860,9.549565394
233087860,5.706289902
233087860,9.737037393
234994474,8.08039128
234994474,8.649412129
235678745,4.591954467
235683377,7.240251442
236887394,6.219181875
236887394,12.28736612
237104103,4.875434439
237222864,10.90239605
239225129,10.51828713
239332587,4.95929556
239977528,6.607444054
240823272,9.046995705
243921117,11.34749309
245392284,6.579091312
248853232,9.748365722
248853232,9.747844375
248853232,10.24744038
254113311,13.35276617
255930614,3.707532748
256364928,10.44385343
256364928,11.42101277
256364928,11.42067202
256722647,5.817918296
257060897,13.85866755
257605131,5.029891401
257605131,5.220050723
258349285,8.502688736
258514800,8.541524216
258920431,11.14292896
259172249,4.465699929
259506033,11.40995198
260004324,11.77116071
260128333,14.88861188
260708537,10.86420071
261136679,5.671697311
261257684,8.518263585
261257684,8.04093399
261257684,8.004732134
262530407,9.068174821
262530407,9.156967241
262530407,9.25351321
262715204,10.90260607
267215820,9.418583002
267263253,9.420141522
267570317,7.508427145
267572272,0.217795917
267572272,0.217577292
267572272,0.217709306
267572272,0.217522494
267572272,0.217648908
267572272,0.217718693
267572272,0.21764982
267572272,0.217634747
267572272,0.21782515
267572272,0.217809719
267673944,8.502756912
267746941,4.319830523
267748934,4.789175881
267748934,4.645405241
267748934,4.541394781
267749737,10.77654335
268301217,6.854363259
268379849,7.539628167
268379849,7.402039902
268403451,9.76304389
269263577,12.42237161
269271535,7.992301115
270611401,10.52807336
270699185,0.907693688
270701667,5.538681926
270701667,6.117209073
270701667,6.141398061
270701667,11.43539218
270701667,5.754414971
270704515,9.763058632
270779644,6.117209197
270779644,6.141390411
270779644,6.23255345
270779644,6.444564696
270956861,9.763051984
270956861,9.94566751
270956861,9.082923531
271052158,11.31264561
271169413,8.27773126
271261159,4.656132193
271478281,12.04395962
271546798,6.444581467
271546798,6.022536436
271774166,0.199981644
272269239,0.165530029
272269239,0.165677467
272269239,0.165669228
272269239,0.165653102
272269239,0.165641676
272269239,0.16563416
272269239,0.165622394
272282253,10.61809898
272369124,8.973892066
272489533,9.070502996
272601375,4.959349333
272601590,3.452240456
272707494,9.748057388
272716728,6.146995085
272716728,5.754423564
272944301,0.709378075
272944301,0.708429283
273131021,0.056824077
273131021,0.056832196
273379660,0.592547426
273379660,0.591691402
273690421,4.488785257
273874849,2.032987945
273874849,2.034867692
274198407,7.149225661
279741379,8.729041782
279741379,8.400414863
279741379,7.960486171
279741379,8.213527477
279741379,8.662927383
279917005,1.438052113
279917005,1.450599574
279917005,1.448324379
279917005,1.448209007
279917005,1.448019298
279917005,1.440721462
279917005,1.443718493
279917005,1.452363225
279917005,1.444859982
279917996,8.470319674
279947414,5.432424944
280304863,10.70638466
280437559,11.08875022
281408474,9.15136564
281459670,7.027351502
281837575,6.236979696
283722336,6.617600377
284326455,7.491995217
284441182,11.20661245
286923464,6.188398295
287080092,5.842460021
288631580,7.896685863
288631580,7.129539853
288631580,7.095510895
288631580,7.142036954
288631580,7.243053476
288631580,7.729801179
288631580,7.261691157
288631580,14.91293651
288631580,6.762624634
288735205,7.798380569
289164482,7.221724348
289164482,13.5103738
289164482,6.786001826
289793076,4.421013774
290034635,12.46130723
290348383,11.74173832
290348383,12.07182541
292202337,9.690119399
293375721,7.879791489
293435336,9.607000314
293457754,6.719809183
293607057,4.505248088
293954617,9.79040292
293954617,10.61814624
293954617,9.978563463
293954617,9.945605412
297146957,6.268068467
297373047,13.38759319
298663873,4.788092973
298892283,5.372930684
299032517,4.789170097
299033164,0.187941858
299087490,10.53328187
299087490,9.601213127
299089652,10.03564556
299158887,5.43247272
299158887,5.862835557
299158887,5.393878145
299158887,5.373577012
299158887,5.340423036
299158887,5.478341704
299158887,5.200478306
299158887,5.410916524
299158887,5.788541368
299158887,5.373209668
299158887,5.372934526
299158887,5.399314532
299158887,5.399040376
299158887,5.284243932
299158887,5.509168538
299217986,8.544045858
299219860,8.937375724
299798795,1.233963551
299798795,1.224550239
299798795,1.229399918
299798795,1.22521169
299798795,1.233352225
299798795,1.233488096
299798795,1.237069197
299798795,1.2363572
299798795,1.235161451
299798795,1.234928883
299798795,1.225407325
299798795,1.225342223
299798795,1.235260897
299798795,1.235249701
299798795,1.22874546
299798795,1.228666162
299799658,8.64536327
300038935,8.256361098
300812741,9.753232156
300812741,11.25661542
300812741,11.27386361
300812741,10.5317416
300812741,10.94461102
300812741,11.2767402
300812741,10.42178646
300812741,10.10895097
300812741,10.88802139
300812741,10.91012357
300812741,10.86604464
300812741,10.81909508
301235044,6.921331162
301235044,7.084918264
301235044,7.084523416
301258470,10.15738419
301289516,12.05282761
305243225,7.539952861
305243225,7.135486032
306955329,0.189746745
306955329,0.189863943
306955329,0.189777505
306996324,11.00981393
306996324,10.75448801
307210830,11.1442885
307733361,4.148125152
307733361,4.502565476
307733361,4.385316684
307733361,4.525628302
307733361,4.525385776
308172249,10.20042865
309792357,11.17921522
309792357,11.51195993
309792357,13.38164592
309792357,11.29150277
309792357,12.27598199
309792357,11.26661349
309792357,12.3515618
309792357,12.17412963
309792357,13.29354331
309792357,11.32088808
310002617,10.74222794
310002617,5.788423787
311133118,6.085018378
317520667,0.123513731
317548889,7.537216479
317597583,5.650943305
320004517,8.826171776
320004517,9.295028553
320411045,2.406481219
320411045,2.395424008
323687123,4.377867184
332022997,8.592495885
332022997,9.251619838
332022997,8.357174045
332022997,8.949713798
332022997,8.446359416
332064670,8.050993463
332657786,3.533336878
333605244,7.89335605
335630746,2.971439406
347332255,6.037390721
347430350,5.813736569
349456525,6.950954862
349576261,3.772816153
349576261,3.818250959
349576261,3.817717766
349576261,3.929703556
349576261,3.929473623
349576261,3.840085293
349576261,3.839945359
349576261,3.749436857
349576261,3.749191239
349576261,3.867117576
349576261,3.866798949
349576261,3.882597267
349576261,3.882176328
349576261,3.725151453
349576261,3.611697753
349576261,3.76688014
349576261,3.916586234
349576261,3.91622585
349576261,3.883032845
349576261,3.882773669
349576261,3.820439193
349576261,4.01518329
349576261,3.83027179
349576261,3.875192788
349576261,3.969123781
349576261,3.921161394
349576261,3.93569649
349576261,3.693127434
349576261,3.747518538
349576261,3.745460508
349576261,3.6728682
349576261,3.672179463
349576261,3.871707857
349576261,3.871582411
349576261,3.828892075
349576261,3.828811003
349576261,3.860310276
349576261,3.860249978
349576261,3.825267623
349576261,3.825267623
349576261,3.803147238
349576261,3.802904332
349576261,3.967050359
349576261,3.966399515
349576261,3.954190242
349827430,2.651761328
350293646,6.845441284
350293646,7.03664537
350293646,7.467382442
350618622,3.284213769
350618622,3.028924694
350810590,4.541112574
350812580,7.5084336
350814607,10.61806695
350814607,11.43543049
350814607,10.48516347
350814607,11.27635506
350814622,12.19175231
351190880,13.85607569
351766445,7.553794539
351766445,7.960395682
351803452,9.71484883
351803524,3.631529129
351910733,5.163136904
352007758,7.992214631
352011875,9.714870839
352013543,5.862816799
352013543,5.870188982
352013543,5.70858494
352013543,5.754391209
352413427,5.944776184
352413427,6.200951603
352413427,6.624044615
352413427,6.299744146
354944123,7.440520877
354944123,7.237486383
354944123,13.46320108
354944123,7.474712152
355867695,9.763568289
356473034,14.940067
356867115,11.95000542
356867115,5.82404013
356867115,5.993121163
356867115,5.596410458
356867115,5.862807068
356867115,5.870264736
356867115,6.294775384
356867115,6.002877444
356867115,5.979327142
356867115,13.72340551
356867115,5.81392698
356867115,5.708691322
356867115,6.345139582
356867115,12.58402191
356867115,6.052725426
356867115,6.159804206
356867115,6.316515315
356867115,6.219175138
356867115,6.096300524
356867115,10.48512582
356867115,6.641491282
357501308,11.39475242
358107516,8.454436327
358516596,0.196977837
358516596,0.196913724
358516596,0.196945248
358516596,0.197043907
358516596,0.196909014
358516596,0.196895363
358516596,0.197029979
358516596,0.19701641
360156606,1.654308776
360156606,1.647826775
360156606,1.654554028
360156606,1.646730659
360156606,1.664145291
360630575,5.004447175
360630575,5.00412184
360630575,4.992987036
360630575,5.177684303
360742636,8.624356233
362249359,5.052543547
362249359,5.245724448
362249359,4.916872151
363445121,10.02423422
366411016,6.000896148
366631954,11.87889669
367366318,1.365444311
367366318,1.363864542
367366318,1.388810969
368287008,5.853972722
368435330,4.029749377
371443216,7.092381562
373693175,4.875436292
374180079,8.037849171
376524552,5.033156261
377293776,10.60214554
377871791,3.082687107
377915723,4.884601662
380619414,7.863056871
380887434,15.03860618
382602147,9.168340923
382602147,9.234774524
382626661,13.74408249
383390264,2.248624866
383390264,2.431981657
383390264,2.453628699
383390264,2.348993531
383390264,2.335934731
383390264,2.31996389
383390264,2.334711324
383390264,2.361132053
383390264,2.358190742
384984325,3.248535748
384984325,3.080671795
384984325,3.080482464
388076422,10.56362392
390001646,2.918164414
390001646,2.907017695
390001646,2.880064246
391903064,3.321428393
391903064,3.329482942
391903064,3.371782127
391903064,3.323809074
391903064,3.355474448
391903064,3.294546511
391903064,3.335472083
391903064,3.354253434
391903064,3.391360476
391903064,3.326658909
391903064,3.337696486
391903064,3.376457744
391903064,3.501729561
391903064,3.483737116
391903064,3.379729165
391903064,3.314753412
391903064,3.439989261
391903064,3.262545775
391903064,3.345751419
391903064,3.363372438
391903064,3.364415512
391903064,3.250528389
391903064,3.325576711
391903064,3.304552326
391903064,3.314303584
391903064,3.359543886
391903064,3.347225337
391903064,3.360911231
391903064,3.387695509
391903064,3.387550321
391903064,3.322426789
391903064,3.322311815
391903064,3.357810659
391903064,3.336585624
391903064,3.318688465
391903064,3.339518525
391903064,3.319948024
391903064,3.318649382
391903064,3.394415086
391903064,3.394167464
391903064,3.310725438
391903064,3.314869051
391903064,3.334030184
391903064,3.333918558
391903064,3.32522038
391903064,3.359349552
391903064,3.333292051
391903064,3.332514095
391903064,3.349465207
391903064,3.404499092
391903064,3.427454441
391903064,3.403332015
391903064,3.451693823
391903064,3.346773934
391903064,3.354130405
391903064,3.368861315
391949880,10.86169781
391949880,9.096844308
391949880,10.00877825
391949880,9.96667863
391949880,9.330816259
391949880,9.979624518
391958006,4.436971079
391958006,4.645577711
391958006,4.64532965
392353449,0.620134819
392476080,0.336540804
392476080,0.336837753
393818343,8.088492042
394137592,10.94045411
395171208,5.368069719
395171208,5.367808881
395171208,5.466252006
395171208,5.253836561
395393265,13.82231616
397362481,8.55622082
397362481,9.31857512
398895470,6.083597682
398943781,9.28918333
398943781,9.283394941
399402994,11.34751038
399954349,5.355419872
399954349,9.369107864
399954349,5.412708338
399954349,9.741912194
399954349,5.151939466
399954349,5.16341335
399954349,5.163145159
399954349,5.399307883
399954349,5.399033727
399954349,10.37090897
399954349,5.283960408
402828941,4.342187481
404421005,8.629533409
404518509,10.03370411
406950324,10.03565268
408310006,6.423706912
410214986,2.846677575
410214986,2.996307592
410214986,3.023775163
410214986,2.858551744
410214986,2.860297675
410214986,2.9414185
410214986,2.933234909
410214986,2.92587917
410214986,2.989653369
417659456,4.824383219
417676802,0.170202296
417931300,8.341158539
417948359,13.18771968
420814525,3.770620198
422618449,12.04928392
424435940,9.049945084
425997655,10.94058276
427685831,9.417845688
428679607,12.19173211
428820090,6.363299608
428820090,6.363051251
431701493,12.17980558
432247315,5.7598597
432549364,0.607259737
432549364,0.608950486
434226736,1.892771337
434226736,1.874789403
434226736,1.874740232
434226736,1.876567733
434226736,1.874879687
435339847,9.50427822
435339847,9.227372199
436575927,6.342617524
436873727,1.015885
436873727,1.019633674
436873727,1.019569029
436873727,1.025604761
436873727,1.019923875
436873727,1.016598844
436873727,1.016528745
437011608,9.174843022
437011608,9.118523447
437011608,9.199079332
437248515,9.325962411
437856897,5.011982883
439456714,11.27316159
439842788,7.402108456
439842788,13.48015695
440113053,3.577984151
440113053,3.439204042
440113053,3.533458856
440887364,10.46829592
441420236,4.878795942
441420236,4.855270913
441420236,4.854956536
441420236,4.798564522
441420236,4.818913113
441546821,1.569893579
441765914,13.00778486
443616612,9.211689066
443616612,8.671088443
445805961,10.61293948
445859771,6.950702798
446549906,8.584102879
447061717,13.42984176
448098793,4.076678708
456862677,7.905435282
456862677,7.832744951
456945304,6.359790673
456945304,6.628864161
456945304,6.703325363
458478250,4.50650818
458478250,4.690411937
459730973,5.959095518
460205581,2.952572537
460205581,3.000456532
460205581,2.987806308
460205581,3.040379029
460205581,3.040266559
460205581,2.94317853
460205581,3.008846122
464646604,2.240339446
464646604,2.235864488
464646604,2.240580607
464646604,2.207015367
464646604,2.243738463
464646604,2.233696527
464646604,2.228824253
465390152,9.80271807
465390152,9.985184759
466884459,5.921955847
466884459,5.799189828
466884459,5.671638143
466884459,5.821108497
468989066,5.120918982
