file,ticid,sector,cadence,best_period_days,max_power,amplitude_percent,peak1_period,peak2_period,peak3_period,peak4_period,peak5_period,peak1_power,peak2_power,peak3_power,peak4_power,peak5_power,power_pass,period_agree,ref_period,power_and_agree,double_dipper
tess2018206045859-s0001-0000000299798795-0120-s_lc.fits,299798795,1,slow,1.233963551,0.5405235571,1.66183293,1.233963551,0.6141820101,1.072561897,1.452546132,0.866005338,0.5405235571,0.04213965888,0.01909601341,0.01475436714,0.01090401304,TRUE,TRUE,1.228666162,TRUE,FALSE
tess2018206045859-s0001-0000000299799658-0120-s_lc.fits,299799658,1,slow,4.983954089,0.005193433407,0.19647956,4.983954089,13.98199391,1.367083298,3.170373898,0.1008716432,0.005193433407,0.002873141421,0.00127724864,0.001241014636,0.0009517700971,FALSE,FALSE,8.64536327,FALSE,TRUE
tess2018206045859-s0001-0000000394357918-0120-s_lc.fits,394357918,1,slow,3.032436078,0.001041488253,3.98817718,3.032436078,3.577137584,0.1381619591,0.2959875613,7.757417026,0.001041488253,0.0009869779428,0.0007745022205,0.0007587926488,0.0006966527469,FALSE,FALSE,6.419231756,FALSE,TRUE
tess2018263035959-s0003-0000000122612091-0123-s_lc.fits,122612091,3,slow,2.200817047,0.05828163972,0.3755033,2.200817047,1.11333184,0.5538366086,0.7397020152,0.3699448374,0.05828163972,0.0474556304,0.04113635919,0.03488785763,0.03388390154,TRUE,TRUE,2.200817047,TRUE,TRUE
tess2018263035959-s0003-0000000166836920-0123-s_lc.fits,166836920,3,slow,1.151234165,0.07336670306,0.17068088,1.151234165,0.9649670322,0.8238320074,1.446972491,2.891080423,0.07336670306,0.07270122481,0.06421840072,0.06312835262,0.05936078302,TRUE,TRUE,1.151234165,TRUE,TRUE
tess2018292075959-s0004-0000000004646810-0124-s_lc.fits,4646810,4,slow,11.2298816,0.6822595362,0.3143847,11.2298816,6.958190671,4.672849979,3.833475025,3.249731988,0.6822595362,0.3159574346,0.02540672316,0.02348171914,0.02239446525,TRUE,TRUE,11.2298816,TRUE,FALSE
tess2018292075959-s0004-0000000029960110-0124-s_lc.fits,29960110,4,slow,11.22241877,0.210919488,0.67762256,11.22241877,7.35098611,3.828781614,5.465526468,3.245609785,0.210919488,0.1088434799,0.0249512166,0.02421964752,0.01326201844,TRUE,TRUE,11.22241877,TRUE,TRUE
tess2018292075959-s0004-0000000035857242-0124-s_lc.fits,35857242,4,slow,1.818269532,0.0313327254,0.58233142,1.818269532,1.214481785,0.9052792443,0.5195073708,0.6083963212,0.0313327254,0.02502280098,0.02270018222,0.0201359551,0.01979225948,FALSE,TRUE,1.818269532,FALSE,TRUE
tess2018292075959-s0004-0000000122612091-0124-s_lc.fits,122612091,4,slow,2.224878053,0.0529792831,0.35904765,2.224878053,1.10649591,0.5541690744,0.7406242328,0.4427140216,0.0529792831,0.04733424179,0.03585787961,0.03362268162,0.02963908247,TRUE,TRUE,2.200817047,TRUE,TRUE
tess2018292075959-s0004-0000000178155732-0124-s_lc.fits,178155732,4,slow,3.088487427,0.05219022547,0.05108714,3.088487427,2.641730792,3.512824382,1.462817465,1.286205429,0.05219022547,0.04061761445,0.03473023086,0.03043483377,0.0106192621,TRUE,TRUE,3.088487427,TRUE,TRUE
tess2018292075959-s0004-0000000382391899-0124-s_lc.fits,382391899,4,slow,5.455828791,0.04741941086,0.59687853,5.455828791,1.950856247,0.4879588501,0.3258781954,0.390778843,0.04741941086,0.04106673382,0.03729141946,0.03477533025,0.03465636565,FALSE,TRUE,5.455828791,FALSE,TRUE
tess2018292075959-s0004-0000000439867639-0124-s_lc.fits,439867639,4,slow,3.168032473,0.003788816102,1.73906088,3.168032473,3.72060724,11.22754497,4.671151016,5.469661659,0.003788816102,0.003629958583,0.002741878859,0.002107598053,0.001252962509,FALSE,TRUE,3.168032473,FALSE,TRUE
tess2019169103026-s0013-0000000299798795-0146-s_lc.fits,299798795,13,slow,1.224550239,0.2553530626,1.07702553,1.224550239,0.6125628312,1.449217585,1.068157033,0.410799373,0.2553530626,0.02400554221,0.01350931711,0.007192417421,0.005418854742,TRUE,TRUE,1.228666162,TRUE,FALSE
tess2019169103026-s0013-0000000299799658-0146-s_lc.fits,299799658,13,slow,5.662567967,0.005529424117,0.20034194,5.662567967,3.083599175,10.84605279,2.728544196,2.028010367,0.005529424117,0.005400402066,0.00482270117,0.004391481756,0.001974504671,FALSE,FALSE,8.64536327,FALSE,TRUE
tess2019306063752-s0018-0000000302773669-0162-s_lc.fits,302773669,18,slow,6.575320594,0.02725737852,0.10332108,6.575320594,2.181808549,3.934410568,1.17694588,1.47163351,0.02725737852,0.02413964895,0.02338803761,0.01655454033,0.01633093692,FALSE,TRUE,6.575320594,FALSE,TRUE
tess2019306063752-s0018-0000000408618999-0162-s_lc.fits,408618999,18,slow,10.80672604,0.01953801903,0.12544513,10.80672604,5.373112037,4.725164106,2.404998436,0.7843094509,0.01953801903,0.005075393731,0.004780519956,0.003843817274,0.003485800781,FALSE,TRUE,10.50727817,FALSE,FALSE
tess2019306063752-s0018-0000000436873727-0162-s_lc.fits,436873727,18,slow,1.015885,0.4594631349,0.14448762,1.015885,0.5099919622,0.8869462109,1.432332345,1.200703611,0.4594631349,0.05480148914,0.0283952987,0.01451391819,0.01233067916,TRUE,TRUE,1.015885,TRUE,FALSE
tess2019331140908-s0019-0000000302773669-0164-s_lc.fits,302773669,19,slow,2.006203452,0.01198704979,0.08894086,2.006203452,4.270102123,1.368571299,1.59595616,0.6669035621,0.01198704979,0.01167503936,0.01020269958,0.009248239575,0.007665631701,FALSE,FALSE,6.575320594,FALSE,TRUE
tess2019331140908-s0019-0000000408618999-0164-s_lc.fits,408618999,19,slow,2.26040763,0.002333853691,0.11824131,2.26040763,0.2725039109,12.19029096,1.704901015,1.284126801,0.002333853691,0.001407675534,0.001276032013,0.001222500863,0.001097313941,FALSE,FALSE,10.50727817,FALSE,TRUE
tess2020133194932-s0025-0000000302773669-0182-s_lc.fits,302773669,25,slow,4.516873816,0.01293218305,0.09665489,4.516873816,2.358789235,1.70198911,1.485345899,0.6100269527,0.01293218305,0.008968753213,0.007150248522,0.007017113644,0.006724720777,FALSE,FALSE,6.575320594,FALSE,TRUE
tess2020133194932-s0025-0000000408618999-0182-s_lc.fits,408618999,25,slow,7.818280044,0.002778896439,0.12457967,7.818280044,2.40294945,1.17312331,3.175830585,1.435514048,0.002778896439,0.002576834827,0.002293797784,0.002169599152,0.002134548444,FALSE,FALSE,10.50727817,FALSE,TRUE
tess2020186164531-s0027-0000000299798795-0189-a_fast-lc.fits,299798795,27,fast,1.229399918,0.3858336395,2.22534835,1.229399918,0.6149827507,1.049370675,1.689842099,1.483992567,0.3858336395,0.0756187448,0.01392555866,0.007769742115,0.007539624312,TRUE,TRUE,1.228666162,TRUE,FALSE
tess2020186164531-s0027-0000000299798795-0189-s_lc.fits,299798795,27,slow,1.22521169,0.62887909,1.79965198,1.22521169,0.6154085368,1.508413046,1.040680825,1.730652738,0.62887909,0.1079507017,0.02715866494,0.01292094451,0.01205971804,TRUE,TRUE,1.228666162,TRUE,FALSE
tess2020186164531-s0027-0000000299799658-0189-a_fast-lc.fits,299799658,27,fast,8.64536327,0.09352194144,0.51330626,8.64536327,2.384428059,2.964705685,4.048471243,1.930907521,0.09352194144,0.007941663269,0.007123731021,0.005750157543,0.001423197866,TRUE,TRUE,8.64536327,TRUE,FALSE
tess2020186164531-s0027-0000000299799658-0189-s_lc.fits,299799658,27,slow,3.375190407,0.00460648021,0.20930767,3.375190407,7.12745608,5.056436181,1.788979809,0.121558643,0.00460648021,0.002822465001,0.002097644229,0.001281496073,0.001228657145,FALSE,FALSE,8.64536327,FALSE,TRUE
tess2020212050318-s0028-0000000299798795-0190-a_fast-lc.fits,299798795,28,fast,1.233352225,0.3605365557,2.20279694,1.233352225,0.6164024666,1.499043546,1.038466816,1.910636966,0.3605365557,0.07474501909,0.0218153155,0.01912899086,0.004749721701,TRUE,TRUE,1.228666162,TRUE,FALSE
tess2020212050318-s0028-0000000299798795-0190-s_lc.fits,299798795,28,slow,1.233488096,0.6353865126,1.82867408,1.233488096,0.6164726042,1.499206348,1.038582405,1.716748936,0.6353865126,0.1217660357,0.03912518589,0.02958427826,0.01083009583,TRUE,TRUE,1.228666162,TRUE,FALSE
tess2020212050318-s0028-0000000299799658-0190-a_fast-lc.fits,299799658,28,fast,3.215176734,0.01337104301,0.45390606,3.215176734,4.961231912,2.702951096,3.96693499,2.331507203,0.01337104301,0.004942468507,0.00427692335,0.002620670445,0.00166593379,FALSE,FALSE,8.64536327,FALSE,FALSE
tess2020212050318-s0028-0000000299799658-0190-s_lc.fits,299799658,28,slow,10.84546512,0.01200692124,0.20208061,10.84546512,4.753374522,6.609793903,3.831092019,1.173868338,0.01200692124,0.005893834662,0.005276773199,0.00381893458,0.002166272531,FALSE,FALSE,8.64536327,FALSE,FALSE
tess2020212050318-s0028-0000000394357918-0190-s_lc.fits,394357918,28,slow,0.2125679317,0.00134464764,4.2858839,0.2125679317,2.715018375,2.33347917,0.05442176254,0.09482258643,0.00134464764,0.001055326122,0.001048624115,0.0008910062138,0.0008774054162,FALSE,FALSE,6.419231756,FALSE,TRUE
tess2020238165205-s0029-0000000166836920-0193-a_fast-lc.fits,166836920,29,fast,2.879243617,0.02470253009,0.36794782,2.879243617,1.443334959,0.9556558549,0.8229455265,0.7184278505,0.02470253009,0.02223995575,0.01908273718,0.01890877154,0.01887474719,FALSE,FALSE,1.151234165,FALSE,TRUE
tess2020238165205-s0029-0000000166836920-0193-s_lc.fits,166836920,29,slow,1.434949047,0.05820651227,0.17171979,1.434949047,0.9573119144,1.926802987,0.7182389133,2.931691713,0.05820651227,0.05325177242,0.04898237155,0.04221745089,0.04062690224,TRUE,FALSE,1.151234165,FALSE,TRUE
tess2020238165205-s0029-0000000207110080-0193-s_lc.fits,207110080,29,slow,0.3232397558,0.002668526311,0.43383718,0.3232397558,5.267463228,1.641015359,1.047254753,0.4551604338,0.002668526311,0.002473825819,0.002218098413,0.002110163058,0.001937684184,FALSE,FALSE,1.324557102,FALSE,TRUE
tess2020266004630-s0030-0000000122612091-0195-a_fast-lc.fits,122612091,30,fast,1.105802138,0.01355437981,0.81944704,1.105802138,0.7378916554,0.5536779414,2.205415387,0.3692915894,0.01355437981,0.01069003699,0.01037234363,0.01035580309,0.008594519518,FALSE,FALSE,2.200817047,FALSE,TRUE
tess2020266004630-s0030-0000000122612091-0195-s_lc.fits,122612091,30,slow,1.104960432,0.05662009771,0.38993359,1.104960432,2.203834313,0.7373190641,0.5532441911,0.3689995461,0.05662009771,0.05579401835,0.0458697414,0.04440007742,0.0337114363,TRUE,FALSE,2.200817047,FALSE,TRUE
tess2020266004630-s0030-0000000166836920-0195-a_fast-lc.fits,166836920,30,fast,0.8233505078,0.006495956875,0.36514282,0.8233505078,0.960962503,1.14382566,0.6400401307,0.7202142105,0.006495956875,0.006107562594,0.005829965057,0.00582743272,0.005695889729,FALSE,FALSE,1.151234165,FALSE,TRUE
tess2020266004630-s0030-0000000166836920-0195-s_lc.fits,166836920,30,slow,1.149347432,0.04685505709,0.18680215,1.149347432,0.8230835216,0.9557184276,1.932328941,0.6379616946,0.04685505709,0.04190550718,0.04162873092,0.04124467501,0.03977966549,FALSE,TRUE,1.151234165,FALSE,TRUE
tess2020266004630-s0030-0000000178155732-0195-a_fast-lc.fits,178155732,30,fast,3.611993253,0.009112879695,0.08083582,3.611993253,9.050200845,6.415772559,4.621912324,2.66553313,0.009112879695,0.007065778395,0.004297923416,0.003855266799,0.002717695419,FALSE,FALSE,3.088487427,FALSE,TRUE
tess2020266004630-s0030-0000000178155732-0195-s_lc.fits,178155732,30,slow,3.615706366,0.02463210855,0.04491091,3.615706366,6.274345762,4.67139645,9.552048708,1.927644485,0.02463210855,0.0126785003,0.01040210754,0.009920472188,0.008856667187,FALSE,FALSE,3.088487427,FALSE,TRUE
tess2020266004630-s0030-0000000207110080-0195-s_lc.fits,207110080,30,slow,2.989970956,0.002281660604,0.42545319,2.989970956,0.2966335884,3.563331183,4.563433011,0.3842644022,0.002281660604,0.002147930738,0.00196152233,0.001450194479,0.001376166848,FALSE,FALSE,1.324557102,FALSE,TRUE
tess2020294194027-s0031-0000000004646810-0198-s_lc.fits,4646810,31,slow,11.19500234,0.07318148624,0.16798198,11.19500234,5.686928861,4.330923506,3.700644377,3.150460675,0.07318148624,0.04176127985,0.02893904106,0.009869919086,0.006841679404,TRUE,TRUE,11.2298816,TRUE,TRUE
tess2020294194027-s0031-0000000004672985-0198-a_fast-lc.fits,4672985,31,fast,7.325473612,0.0004750691706,0.99350214,7.325473612,2.629429049,3.001890082,2.072325292,1.622726182,0.0004750691706,0.0004468141106,0.0003297685936,0.0003239589439,0.0002038006079,FALSE,FALSE,0.9256432392,FALSE,TRUE
tess2020294194027-s0031-0000000004672985-0198-s_lc.fits,4672985,31,slow,0.9256432392,0.0009629776749,0.4219681,0.9256432392,0.1048731788,0.3735597681,0.693421151,0.05728854858,0.0009629776749,0.0008354775304,0.000708523592,0.0006535261123,0.0006460124643,FALSE,TRUE,0.9256432392,FALSE,TRUE
tess2020294194027-s0031-0000000029960110-0198-a_fast-lc.fits,29960110,31,fast,2.576165729,0.01525639317,1.32077813,2.576165729,2.216853313,1.887736665,3.001901062,4.05494178,0.01525639317,0.01100271825,0.009529625912,0.008272606284,0.005997881852,FALSE,FALSE,11.22241877,FALSE,TRUE
tess2020294194027-s0031-0000000029960110-0198-s_lc.fits,29960110,31,slow,9.518773157,0.01276221536,0.56110322,9.518773157,5.686947119,4.18827285,1.242162551,0.4979076046,0.01276221536,0.008564089124,0.002826778254,0.001926823768,0.001690586522,FALSE,FALSE,11.22241877,FALSE,TRUE
tess2020294194027-s0031-0000000035857242-0198-a_fast-lc.fits,35857242,31,fast,1.833311743,0.006184807183,1.31564021,1.833311743,0.6044670824,0.4551666467,0.5182405384,0.9059303511,0.006184807183,0.004730340692,0.004370498059,0.004292923142,0.004270956912,FALSE,TRUE,1.818269532,FALSE,TRUE
tess2020294194027-s0031-0000000035857242-0198-s_lc.fits,35857242,31,slow,1.807135022,0.0297170389,0.58291852,1.807135022,0.6044243965,0.9058673709,0.4551342566,0.5203244598,0.0297170389,0.02813810323,0.02744884447,0.02552001216,0.02355037653,FALSE,TRUE,1.818269532,FALSE,TRUE
tess2020294194027-s0031-0000000122612091-0198-a_fast-lc.fits,122612091,31,fast,1.102245839,0.01293233867,0.79457283,1.102245839,2.216836286,0.7377246086,0.5543851488,0.3692453759,0.01293233867,0.01270790207,0.01148925852,0.01051406953,0.008530126121,FALSE,FALSE,2.200817047,FALSE,TRUE
tess2020294194027-s0031-0000000122612091-0198-s_lc.fits,122612091,31,slow,2.216692752,0.05690167041,0.37213802,2.216692752,1.111807961,0.5543458984,0.7376728701,0.4440021717,0.05690167041,0.05060612669,0.04305431191,0.04180195191,0.03232140175,TRUE,TRUE,2.200817047,TRUE,TRUE
tess2020294194027-s0031-0000000178155732-0198-a_fast-lc.fits,178155732,31,fast,6.926423466,0.009420689071,0.08014143,6.926423466,12.27623215,2.475829975,5.014377788,1.860110794,0.009420689071,0.004281921998,0.003580635056,0.003080885746,0.002203221773,FALSE,FALSE,3.088487427,FALSE,FALSE
tess2020294194027-s0031-0000000178155732-0198-s_lc.fits,178155732,31,slow,3.811579334,0.0169772959,0.05036235,3.811579334,4.823867417,6.568288795,1.472298296,3.23050421,0.0169772959,0.01124011398,0.01003221257,0.006659937796,0.006239106219,FALSE,FALSE,3.088487427,FALSE,TRUE
tess2020294194027-s0031-0000000318753380-0198-s_lc.fits,318753380,31,slow,5.014143548,0.007597084288,0.13516784,5.014143548,3.92940944,2.256051732,2.629282563,0.6822640927,0.007597084288,0.006029858241,0.004724587392,0.004715979659,0.004304079052,FALSE,TRUE,5.014143548,FALSE,TRUE
tess2020294194027-s0031-0000000382391899-0198-a_fast-lc.fits,382391899,31,fast,1.94551021,0.02262487822,1.18134379,1.94551021,6.24599318,0.9754243638,0.3257373409,0.3908131848,0.02262487822,0.02076721829,0.01800103505,0.01697086478,0.01632477472,FALSE,FALSE,5.455828791,FALSE,TRUE
tess2020294194027-s0031-0000000382391899-0198-s_lc.fits,382391899,31,slow,1.945382322,0.04619671049,0.53206086,1.945382322,0.9753567992,0.4883475523,0.3257140076,0.3907852826,0.04619671049,0.04596759775,0.04097534263,0.04000262745,0.03991615484,FALSE,FALSE,5.455828791,FALSE,TRUE
tess2020294194027-s0031-0000000439867639-0198-s_lc.fits,439867639,31,slow,0.1857881103,0.00272560257,1.74730062,0.1857881103,0.3451688183,0.6252318541,0.2954416076,0.7419903615,0.00272560257,0.002070119375,0.002038797455,0.001979438996,0.001964635805,FALSE,FALSE,3.168032473,FALSE,TRUE
tess2021146024351-s0039-0000000299798795-0210-a_fast-lc.fits,299798795,39,fast,0.6156433487,0.08521821949,1.67316914,0.6156433487,1.225955075,1.050801722,1.471179243,0.9074986269,0.08521821949,0.05723164795,0.003115865258,0.001801895772,0.001467202268,TRUE,FALSE,1.228666162,FALSE,TRUE
tess2021146024351-s0039-0000000299798795-0210-s_lc.fits,299798795,39,slow,0.6155939273,0.2536622111,0.97147942,0.6155939273,1.225859759,1.058680065,1.370097534,0.7393729253,0.2536622111,0.207878425,0.009990232978,0.00439083801,0.004268282324,TRUE,FALSE,1.228666162,FALSE,TRUE
tess2021146024351-s0039-0000000394357918-0210-s_lc.fits,394357918,39,slow,2.911888493,0.002377620379,4.2706275,2.911888493,0.1360597772,1.027539385,0.4073965977,1.838897977,0.002377620379,0.001081420312,0.00106600524,0.0008916960159,0.0008775744517,FALSE,FALSE,6.419231756,FALSE,FALSE
tess2021232031932-s0042-0000000436873727-0213-s_lc.fits,436873727,42,slow,0.2548357539,0.1143997913,0.09166002,0.2548357539,1.549499327,2.251653808,4.422914103,0.3388246227,0.1143997913,0.01831163716,0.0168620958,0.01577429866,0.01564640917,TRUE,FALSE,1.015885,FALSE,FALSE
tess2021232031932-s0042-0000000436875934-0213-s_lc.fits,436875934,42,slow,0.4587335433,0.009840845996,1.91820264,0.4587335433,0.9175988161,1.371319298,0.3936247241,0.3447007675,0.009840845996,0.008053727172,0.007514780099,0.00654800724,0.006268242788,FALSE,TRUE,0.4587335433,FALSE,TRUE
tess2021258175143-s0043-0000000436873727-0214-s_lc.fits,436873727,43,slow,0.2546992706,0.1184097045,0.09183645,0.2546992706,0.509358954,0.3391133266,0.9579487714,1.077652992,0.1184097045,0.03376039622,0.01860309564,0.01745160836,0.01446855981,TRUE,FALSE,1.015885,FALSE,FALSE
tess2021258175143-s0043-0000000436875934-0214-s_lc.fits,436875934,43,slow,1.387193448,0.004634132581,2.29994774,1.387193448,0.6897801583,2.805431903,0.2499539008,0.3932327513,0.004634132581,0.004395237763,0.004307697533,0.004186234371,0.004114953892,FALSE,FALSE,0.4587335433,FALSE,TRUE
tess2021284114741-s0044-0000000436873727-0215-s_lc.fits,436873727,44,slow,0.2549644808,0.1253868972,0.0863719,0.2549644808,0.5098824858,1.015296728,0.3394649233,3.449004358,0.1253868972,0.03842620168,0.02044699833,0.01437430899,0.008855279343,TRUE,FALSE,1.015885,FALSE,FALSE
tess2021284114741-s0044-0000000436875934-0215-s_lc.fits,436875934,44,slow,0.915339653,0.008047168372,1.79745317,0.915339653,0.6865609202,0.3443006107,2.744222508,0.3059523336,0.008047168372,0.007469962845,0.006684459972,0.006093553999,0.006077744944,FALSE,FALSE,0.4587335433,FALSE,TRUE
tess2022138205153-s0052-0000000279947414-0224-s_lc.fits,279947414,52,slow,0.3701817457,0.01362117632,0.64247608,0.3701817457,0.6784780697,0.2901871219,4.058471115,2.03295021,0.01362117632,0.01148349373,0.01078302555,0.01070823684,0.01009865432,FALSE,FALSE,5.432424944,FALSE,TRUE
tess2022138205153-s0052-0000000302773669-0224-s_lc.fits,302773669,52,slow,5.287801259,0.01858186088,0.09571314,5.287801259,1.506612828,3.046653021,1.326689608,0.9249974223,0.01858186088,0.0176846172,0.01722515896,0.01704715098,0.01704243814,FALSE,FALSE,6.575320594,FALSE,TRUE
tess2022138205153-s0052-0000000408618999-0224-a_fast-lc.fits,408618999,52,fast,4.866881814,0.003283579721,0.27388692,4.866881814,1.419220634,3.046828537,3.928250128,1.718590105,0.003283579721,0.002871151867,0.002804125743,0.002716425349,0.002572755155,FALSE,FALSE,10.50727817,FALSE,TRUE
tess2022138205153-s0052-0000000408618999-0224-s_lc.fits,408618999,52,slow,5.068488389,0.004803078835,0.12399673,5.068488389,8.087425633,1.017414,1.742997213,0.5047360236,0.004803078835,0.003551246195,0.003219656303,0.002807876298,0.002408956369,FALSE,FALSE,10.50727817,FALSE,TRUE
tess2022164095748-s0053-0000000279947414-0226-s_lc.fits,279947414,53,slow,2.039521103,0.02238049076,0.67077279,2.039521103,1.35412076,0.6779628412,0.8151077277,11.10761972,0.02238049076,0.02087018463,0.02070594516,0.02038940114,0.01942495253,FALSE,FALSE,5.432424944,FALSE,TRUE
tess2022302161335-s0058-0000000245392284-0247-s_lc.fits,245392284,58,slow,0.2905904818,0.006271457069,1.46466494,0.2905904818,1.733916605,0.5800504163,0.8720290353,0.1935821599,0.006271457069,0.006150571582,0.00548934573,0.004467024601,0.004065229131,FALSE,FALSE,20,FALSE,TRUE
tess2022302161335-s0058-0000000245509452-0247-s_lc.fits,245509452,58,slow,0.8108089131,0.02636748447,0.86627007,0.8108089131,1.612846735,0.6508782099,0.5415209205,1.083340008,0.02636748447,0.02551698851,0.01861822435,0.01860745916,0.01845757009,FALSE,FALSE,0.6490014594,FALSE,TRUE
tess2022302161335-s0058-0000000408618999-0247-a_fast-lc.fits,408618999,58,fast,4.481134316,0.000986564579,0.25093198,4.481134316,3.386308066,9.283390828,6.622134716,2.523241793,0.000986564579,0.0009763295632,0.0007756384028,0.0004099023314,0.0003657432121,FALSE,FALSE,10.50727817,FALSE,TRUE
tess2022302161335-s0058-0000000408618999-0247-s_lc.fits,408618999,58,slow,2.56987943,0.002518596194,0.11334658,2.56987943,3.653941362,9.283058507,6.319880305,1.012145078,0.002518596194,0.001976635698,0.001639849536,0.001413196734,0.001097931335,FALSE,FALSE,10.50727817,FALSE,TRUE
tess2022302161335-s0058-0000000436873727-0247-a_fast-lc.fits,436873727,58,fast,1.019633674,0.1063076056,0.16482472,1.019633674,5.345124472,0.3397611416,1.308400108,2.202429362,0.1063076056,0.01016220763,0.009615642203,0.008443255201,0.007674085757,TRUE,TRUE,1.015885,TRUE,FALSE
tess2022302161335-s0058-0000000436873727-0247-s_lc.fits,436873727,58,slow,1.02712534,0.2437960841,0.1106441,1.02712534,2.202298429,0.3397388293,3.154817689,2.775704821,0.2437960841,0.02233096859,0.02167243677,0.01844632205,0.01621336775,TRUE,TRUE,1.015885,TRUE,FALSE
tess2022302161335-s0058-0000000436875934-0247-s_lc.fits,436875934,58,slow,4.480830071,0.00824796307,1.97272182,4.480830071,0.5523056937,0.4590137451,0.2755650416,0.9182419307,0.00824796307,0.006648946286,0.00611350376,0.006030060835,0.005361227146,FALSE,FALSE,0.4587335433,FALSE,TRUE
tess2022330142927-s0059-0000000279947414-0248-a_fast-lc.fits,279947414,59,fast,8.062203839,0.00614321274,1.49045587,8.062203839,0.8154326501,2.023417481,5.267456301,0.4064596327,0.00614321274,0.004834784953,0.00425309496,0.004063656316,0.004041626217,FALSE,FALSE,5.432424944,FALSE,TRUE
tess2022330142927-s0059-0000000279947414-0248-s_lc.fits,279947414,59,slow,8.062158027,0.02460455043,0.64046144,8.062158027,2.023400167,1.34951824,0.338539279,0.4064558419,0.02460455043,0.01803425428,0.01634396173,0.0161144691,0.01548109109,FALSE,FALSE,5.432424944,FALSE,TRUE
tess2022330142927-s0059-0000000302773669-0248-a_fast-lc.fits,302773669,59,fast,3.555729748,0.01059268638,0.18520951,3.555729748,3.0387914,1.524394022,0.7074655733,4.284595795,0.01059268638,0.01041567425,0.00878224963,0.008155585775,0.007966022423,FALSE,FALSE,6.575320594,FALSE,TRUE
tess2022330142927-s0059-0000000302773669-0248-s_lc.fits,302773669,59,slow,0.8482094317,0.0192762555,0.09169817,0.8482094317,0.7558145282,0.6853112668,4.270663811,5.614562474,0.0192762555,0.01874285284,0.01745031899,0.01704455911,0.01666087443,FALSE,FALSE,6.575320594,FALSE,TRUE
tess2022330142927-s0059-0000000408618999-0248-a_fast-lc.fits,408618999,59,fast,9.450387557,0.003401706094,0.25345087,9.450387557,3.555723126,4.598815468,2.0139927,2.31087412,0.003401706094,0.002222981039,0.001370068401,0.0006203911112,0.0005572411165,FALSE,FALSE,10.50727817,FALSE,TRUE
tess2022330142927-s0059-0000000408618999-0248-s_lc.fits,408618999,59,slow,10.19984457,0.007407525059,0.11959076,10.19984457,5.61455331,4.421858207,1.944036906,1.284327786,0.007407525059,0.00345219125,0.00222539015,0.002210901783,0.00183604745,FALSE,TRUE,10.50727817,FALSE,FALSE
tess2023153011303-s0066-0000000299798795-0260-a_fast-lc.fits,299798795,66,fast,1.237069197,0.3473657859,1.98166847,1.237069197,0.6127601559,1.046964742,1.493123718,1.854372607,0.3473657859,0.0291780217,0.01689037841,0.01598846075,0.004282082957,TRUE,TRUE,1.228666162,TRUE,FALSE
tess2023153011303-s0066-0000000299798795-0260-s_lc.fits,299798795,66,slow,1.2363572,0.6332009036,1.48646653,1.2363572,0.6123957532,1.055366437,1.49227607,3.814677044,0.6332009036,0.05369506291,0.03273173277,0.03033825007,0.01063165774,TRUE,TRUE,1.228666162,TRUE,FALSE
tess2023153011303-s0066-0000000299799658-0260-a_fast-lc.fits,299799658,66,fast,7.695988691,0.02681081347,0.45193434,7.695988691,5.621119247,3.651955515,4.589905193,2.892096427,0.02681081347,0.01777926514,0.009719561442,0.00711209268,0.003535605999,FALSE,FALSE,8.64536327,FALSE,TRUE
tess2023153011303-s0066-0000000299799658-0260-s_lc.fits,299799658,66,slow,4.93150056,0.03433098358,0.20416617,4.93150056,12.17081044,7.222801059,1.009294527,1.631676853,0.03433098358,0.03069308996,0.03003248505,0.002179895911,0.002108222213,FALSE,FALSE,8.64536327,FALSE,TRUE
tess2023153011303-s0066-0000000394357918-0260-s_lc.fits,394357918,66,slow,3.696280932,0.001596067057,3.45161259,3.696280932,2.106380854,0.6796839746,2.906501264,1.851530259,0.001596067057,0.001557227542,0.001521293499,0.001286131629,0.001216946546,FALSE,FALSE,6.419231756,FALSE,TRUE
tess2023181235917-s0067-0000000299798795-0261-a_fast-lc.fits,299798795,67,fast,1.235161451,0.332826742,1.97555125,1.235161451,1.052660813,0.6146213545,1.680846983,0.9241462294,0.332826742,0.03585038259,0.03557506264,0.01027335352,0.007847475751,TRUE,TRUE,1.228666162,TRUE,FALSE
tess2023181235917-s0067-0000000299798795-0261-s_lc.fits,299798795,67,slow,1.234928883,0.6331595942,1.44854903,1.234928883,0.6145018013,1.49393716,1.052460681,1.704189401,0.6331595942,0.06387728871,0.04692101098,0.04056578948,0.0123980442,TRUE,TRUE,1.228666162,TRUE,FALSE
tess2023181235917-s0067-0000000299799658-0261-a_fast-lc.fits,299799658,67,fast,2.857453957,0.001777777678,0.44726729,2.857453957,2.508753267,10.13762132,6.435337025,3.31873725,0.001777777678,0.001288476006,0.001285821004,0.00110444851,0.001055204234,FALSE,FALSE,8.64536327,FALSE,TRUE
tess2023181235917-s0067-0000000299799658-0261-s_lc.fits,299799658,67,slow,9.257193192,0.02246891626,0.21160603,9.257193192,5.475655898,3.544887292,2.565053171,1.586694513,0.02246891626,0.01727848916,0.003308562066,0.002763787812,0.001955805781,FALSE,TRUE,8.64536327,FALSE,TRUE
tess2023209231226-s0068-0000000299798795-0262-a_fast-lc.fits,299798795,68,fast,1.225407325,0.1970236204,1.77737832,1.225407325,0.6161968635,1.475985809,1.038694915,1.72497362,0.1970236204,0.05511128645,0.01562537331,0.01004177929,0.005331928086,TRUE,TRUE,1.228666162,TRUE,FALSE
tess2023209231226-s0068-0000000299798795-0262-s_lc.fits,299798795,68,slow,1.225342223,0.4795944199,1.18202865,1.225342223,0.616163065,1.047506212,1.475908441,1.700972517,0.4795944199,0.1304819111,0.02668362265,0.02494776559,0.0106423914,TRUE,TRUE,1.228666162,TRUE,FALSE
tess2023209231226-s0068-0000000299799658-0262-a_fast-lc.fits,299799658,68,fast,5.828553466,0.01940573804,0.45123041,5.828553466,9.369237372,2.672479013,3.411358931,4.380174071,0.01940573804,0.01338362108,0.01076871055,0.00933687172,0.00667947213,FALSE,FALSE,8.64536327,FALSE,TRUE
tess2023209231226-s0068-0000000299799658-0262-s_lc.fits,299799658,68,slow,20,0.0275752162,0.19827545,11.04166496,6.113031982,3.316644851,1.684678424,2.119151684,0.02741464749,0.02136475524,0.00748167884,0.002467995463,0.001551644278,FALSE,FALSE,8.64536327,FALSE,TRUE
tess2023209231226-s0068-0000000394357918-0262-s_lc.fits,394357918,68,slow,6.419231756,0.002499204815,3.80370021,6.419231756,3.400064889,2.31244784,4.70054351,2.722231816,0.002499204815,0.001991253807,0.001801968962,0.001591124247,0.001547275368,FALSE,TRUE,6.419231756,FALSE,TRUE
tess2023237165326-s0069-0000000166836920-0264-a_fast-lc.fits,166836920,69,fast,1.908251969,0.02535962502,0.38123488,1.908251969,1.448499537,1.156048229,0.8235140902,0.9618510073,0.02535962502,0.0212726958,0.01951354001,0.01904584724,0.01808041179,FALSE,FALSE,1.151234165,FALSE,TRUE
tess2023237165326-s0069-0000000166836920-0264-s_lc.fits,166836920,69,slow,1.147803043,0.05499578563,0.18365383,1.147803043,1.912670631,1.434659732,0.9565443497,0.8199207593,0.05499578563,0.05080917064,0.04687875552,0.0464206915,0.04614835131,TRUE,TRUE,1.151234165,TRUE,TRUE
tess2023263165758-s0070-0000000436873727-0265-a_fast-lc.fits,436873727,70,fast,1.025604761,0.1159324009,0.16081929,1.025604761,0.2549689001,1.19635829,0.5087613496,0.8909597967,0.1159324009,0.04789271376,0.01481132217,0.01086004294,0.0108457561,TRUE,TRUE,1.015885,TRUE,FALSE
tess2023263165758-s0070-0000000436873727-0265-s_lc.fits,436873727,70,slow,1.019923875,0.2509910952,0.10829747,1.019923875,0.2545623136,1.189790897,0.8859898923,0.5079829242,0.2509910952,0.09899704988,0.02618996636,0.02216631614,0.02035405166,TRUE,TRUE,1.015885,TRUE,FALSE
tess2023289093419-s0071-0000000436873727-0266-a_fast-lc.fits,436873727,71,fast,0.2550566639,0.04685872514,0.1543045,0.2550566639,1.015649671,0.5100644543,0.8822508769,0.3395871323,0.04685872514,0.03993485318,0.01746716818,0.01009989218,0.009708029002,FALSE,FALSE,1.015885,FALSE,TRUE
tess2023289093419-s0071-0000000436873727-0266-s_lc.fits,436873727,71,slow,0.255158922,0.1015889433,0.10428846,0.255158922,1.020161753,0.5102388304,0.3392442677,0.8861979915,0.1015889433,0.09062398697,0.03686972858,0.02155235583,0.01780492403,TRUE,FALSE,1.015885,FALSE,TRUE
tess2023341045131-s0073-0000000279947414-0268-a_fast-lc.fits,279947414,73,fast,17.40689621,0.03258642993,1.52304888,1.360060159,2.499504521,3.982328327,1.821330388,0.8101687208,0.02486396066,0.02196610784,0.02184641751,0.02049400283,0.01679982087,FALSE,FALSE,5.432424944,FALSE,TRUE
tess2023341045131-s0073-0000000279947414-0268-s_lc.fits,279947414,73,slow,5.432424944,0.05756427784,0.65441966,5.432424944,7.579335389,11.46205315,2.042967815,15.40885191,0.05756427784,0.02742265751,0.02488193823,0.02438055613,0.02438009356,TRUE,TRUE,5.432424944,TRUE,FALSE
tess2023341045131-s0073-0000000302773669-0268-a_fast-lc.fits,302773669,73,fast,7.174485025,0.01535456476,0.19426942,7.174485025,1.92581811,1.346408025,11.46225812,2.756036538,0.01535456476,0.01069362961,0.01036334098,0.01007402227,0.007844275384,FALSE,TRUE,6.575320594,FALSE,TRUE
tess2023341045131-s0073-0000000302773669-0268-s_lc.fits,302773669,73,slow,8.032803299,0.01950941348,0.09143949,8.032803299,2.755913626,0.4816687634,1.359982125,2.04294977,0.01950941348,0.01638203521,0.01614892093,0.01544192672,0.01405086188,FALSE,FALSE,6.575320594,FALSE,TRUE
tess2024142205832-s0079-0000000279947414-0274-a_fast-lc.fits,279947414,79,fast,0.5085732075,0.004849065978,1.44288003,0.5085732075,0.4525898389,0.4064879993,2.031613224,4.268794046,0.004849065978,0.004790236927,0.004640025541,0.004537385807,0.00449706587,FALSE,FALSE,5.432424944,FALSE,TRUE
tess2024142205832-s0079-0000000279947414-0274-s_lc.fits,279947414,79,slow,0.5085520673,0.01772244255,0.64068794,0.5085520673,0.4525709718,0.5803373134,1.014125171,0.6791014852,0.01772244255,0.01702255459,0.01687662865,0.01535534895,0.0153291962,FALSE,FALSE,5.432424944,FALSE,TRUE
tess2024142205832-s0079-0000000302773669-0274-a_fast-lc.fits,302773669,79,fast,5.955060619,0.005416278455,0.1837492,5.955060619,1.478254744,3.688563437,1.838882831,2.963483372,0.005416278455,0.003654609105,0.00361330654,0.002800341971,0.002765406176,FALSE,TRUE,6.575320594,FALSE,TRUE
tess2024142205832-s0079-0000000302773669-0274-s_lc.fits,302773669,79,slow,9.177282627,0.009046604842,0.09401917,9.177282627,1.890043607,0.7762413951,1.061749957,1.600240712,0.009046604842,0.007924603461,0.007477045535,0.007306215424,0.006726553065,FALSE,FALSE,6.575320594,FALSE,TRUE
tess2024142205832-s0079-0000000408618999-0274-a_fast-lc.fits,408618999,79,fast,2.432245009,0.007399831658,0.25454164,2.432245009,3.098856708,5.47451154,2.031629787,2.725380638,0.007399831658,0.005155693361,0.004747677449,0.002540527283,0.002121278771,FALSE,FALSE,10.50727817,FALSE,TRUE
tess2024142205832-s0079-0000000408618999-0274-s_lc.fits,408618999,79,slow,15.44612642,0.002521828018,0.11906505,15.44612642,0.9991964198,4.555326473,1.171793453,0.6406281408,0.002521828018,0.002246901484,0.0017863692,0.001687929233,0.001314302299,FALSE,FALSE,10.50727817,FALSE,TRUE
tess2024300212641-s0085-0000000139375960-0282-s_lc.fits,139375960,85,slow,2.634668369,0.02550513726,0.31228662,2.634668369,1.322422427,1.760962646,1.0676252,4.655987579,0.02550513726,0.02483439938,0.02006578742,0.01910483187,0.01691148225,FALSE,TRUE,2.634668369,FALSE,TRUE
tess2024300212641-s0085-0000000245392284-0282-a_fast-lc.fits,245392284,85,fast,20,0.08955822979,5.90777516,6.579091312,3.321500631,2.146693918,4.339229607,2.634853673,0.07846104438,0.03815667558,0.02489950368,0.02116473694,0.01889031947,TRUE,TRUE,20,TRUE,FALSE
tess2024300212641-s0085-0000000245392284-0282-s_lc.fits,245392284,85,slow,15.22233682,0.06408705344,3.23500395,15.22233682,6.25584324,3.156765806,2.076602791,0.804723311,0.06408705344,0.04013363602,0.01967377763,0.01490372687,0.01346827782,TRUE,FALSE,20,FALSE,TRUE
tess2024300212641-s0085-0000000245509452-0282-s_lc.fits,245509452,85,slow,0.6490014594,0.03389664355,0.91234505,0.6490014594,3.236943776,1.085826139,0.3606561916,0.8150158952,0.03389664355,0.03328079276,0.03093983688,0.02803394817,0.02588812243,FALSE,TRUE,0.6490014594,FALSE,TRUE
tess2024300212641-s0085-0000000436873727-0282-a_fast-lc.fits,436873727,85,fast,1.016598844,0.09074908325,0.15909076,1.016598844,0.5110973858,10.30121705,1.144389457,0.2552276718,0.09074908325,0.01382708059,0.01239129127,0.01237092293,0.01212788892,TRUE,TRUE,1.015885,TRUE,FALSE
tess2024300212641-s0085-0000000436873727-0282-s_lc.fits,436873727,85,slow,1.016528745,0.2670522805,0.10004282,1.016528745,0.5110612049,1.144311077,0.2552093669,0.7393561819,0.2670522805,0.04254818557,0.03212556605,0.02925749897,0.02650103929,TRUE,TRUE,1.015885,TRUE,FALSE
tess2024300212641-s0085-0000000436875934-0282-s_lc.fits,436875934,85,slow,0.9210282549,0.009582973745,1.84385777,0.9210282549,11.20665529,2.748298297,1.379686626,0.5508212291,0.009582973745,0.009481548364,0.008639979198,0.008449795216,0.008368717417,FALSE,FALSE,0.4587335433,FALSE,TRUE
tess2024326142117-s0086-0000000279947414-0283-a_fast-lc.fits,279947414,86,fast,5.618579685,0.01198846384,1.57422185,5.618579685,3.948451865,2.054903752,7.981935534,1.388854602,0.01198846384,0.009142695334,0.007848917343,0.006715022515,0.004859418826,FALSE,TRUE,5.432424944,FALSE,TRUE
tess2024326142117-s0086-0000000279947414-0283-s_lc.fits,279947414,86,slow,4.197880708,0.03307820258,0.67145228,4.197880708,11.40991289,5.866551845,3.528741566,1.37442765,0.03307820258,0.02516652393,0.01695910835,0.01466791938,0.01426803706,FALSE,FALSE,5.432424944,FALSE,TRUE
tess2024326142117-s0086-0000000302773669-0283-s_lc.fits,302773669,86,slow,4.637556377,0.02518142061,0.09571016,4.637556377,9.737031061,1.935067966,2.675707484,7.1253454,0.02518142061,0.01841494316,0.01272267986,0.01062129001,0.008884570606,FALSE,FALSE,6.575320594,FALSE,TRUE
tess2024326142117-s0086-0000000408618999-0283-a_fast-lc.fits,408618999,86,fast,3.625148228,0.003971885833,0.25462508,3.625148228,13.77693618,1.733146783,4.334997671,1.99321677,0.003971885833,0.00345698182,0.001750226381,0.00145389475,0.001072767689,FALSE,FALSE,10.50727817,FALSE,TRUE
tess2024326142117-s0086-0000000408618999-0283-s_lc.fits,408618999,86,slow,10.50727817,0.03643526618,0.12615025,10.50727817,4.637549359,7.125336364,1.935064522,1.481742544,0.03643526618,0.02904006596,0.02322967185,0.02036613595,0.01407342693,FALSE,TRUE,10.50727817,FALSE,TRUE
tess2025042113628-s0089-0000000394357918-0286-s_lc.fits,394357918,89,slow,5.294943582,0.00166672581,5.01657426,5.294943582,3.674105654,0.3545790571,0.1573757805,0.2873705421,0.00166672581,0.001099229741,0.0008404051661,0.0008139977336,0.0007480217193,FALSE,FALSE,6.419231756,FALSE,TRUE
tess2025154050500-s0093-0000000299798795-0290-a_fast-lc.fits,299798795,93,fast,1.235260897,0.3775828456,2.00868011,1.235260897,1.497785262,1.041899612,0.614432625,3.424036198,0.3775828456,0.03862444737,0.03213769402,0.008449075472,0.007575844771,TRUE,TRUE,1.228666162,TRUE,FALSE
tess2025154050500-s0093-0000000299798795-0290-s_lc.fits,299798795,93,slow,1.235249701,0.7013174118,1.60261691,1.235249701,1.497771876,1.041890071,0.6144268717,1.711768739,0.7013174118,0.04297048364,0.03646887353,0.01830966593,0.01098944184,TRUE,TRUE,1.228666162,TRUE,FALSE
tess2025154050500-s0093-0000000299799658-0290-a_fast-lc.fits,299799658,93,fast,8.720024619,0.04778567066,0.46268702,8.720024619,2.799369997,3.966356604,4.723745039,2.370219755,0.04778567066,0.01940200846,0.01320163739,0.009725124359,0.008041118367,FALSE,TRUE,8.64536327,FALSE,FALSE
tess2025154050500-s0093-0000000299799658-0290-s_lc.fits,299799658,93,slow,12.09668276,0.08872470129,0.20905137,12.09668276,6.756671174,4.204561568,4.874015596,2.775162421,0.08872470129,0.08764158181,0.009204471417,0.005847138134,0.003190973279,TRUE,FALSE,8.64536327,FALSE,TRUE
tess2025180145000-s0094-0000000299799658-0291-a_fast-lc.fits,299799658,94,fast,4.821241973,0.004878400255,0.45465112,4.821241973,6.340941085,10.02907054,3.889150317,2.319587944,0.004878400255,0.003970515644,0.003316884246,0.001565450252,0.001408876752,FALSE,FALSE,8.64536327,FALSE,TRUE
tess2025180145000-s0094-0000000299799658-0291-s_lc.fits,299799658,94,slow,7.070467845,0.05882698439,0.21733761,7.070467845,12.01222941,4.453260121,3.643951937,2.269272839,0.05882698439,0.05716504339,0.01780837119,0.01289848314,0.009322009669,TRUE,FALSE,8.64536327,FALSE,TRUE
tess2025206162959-s0095-0000000299798795-0292-a_fast-lc.fits,299798795,95,fast,1.22874546,0.3985484031,1.99742794,1.22874546,0.617241328,1.03454785,1.512697818,1.710317552,0.3985484031,0.03656503716,0.03287414035,0.02614238779,0.005962905521,TRUE,TRUE,1.228666162,TRUE,FALSE
tess2025206162959-s0095-0000000299798795-0292-s_lc.fits,299798795,95,slow,1.228666162,0.7299463095,1.56235933,1.228666162,0.6172001963,1.034480394,1.512601671,5.639676922,0.7299463095,0.05747157235,0.04431116215,0.04354236572,0.01316005127,TRUE,TRUE,1.228666162,TRUE,FALSE
tess2025206162959-s0095-0000000299799658-0292-a_fast-lc.fits,299799658,95,fast,3.42747968,0.007665199377,0.46187878,3.42747968,1.142443049,1.394850025,4.998558801,2.399188357,0.007665199377,0.005713616635,0.005617155744,0.005346445843,0.005084336145,FALSE,FALSE,8.64536327,FALSE,TRUE
tess2025206162959-s0095-0000000299799658-0292-s_lc.fits,299799658,95,slow,5.697698946,0.05909798813,0.22378445,5.697698946,4.272034172,2.173924707,2.440251941,1.086721644,0.05909798813,0.051810293,0.01352356327,0.0113585298,0.01087244667,TRUE,FALSE,8.64536327,FALSE,TRUE
tess2025232030459-s0096-0000000207110080-0293-s_lc.fits,207110080,96,slow,1.324557102,0.003690518157,0.421772,1.324557102,1.471806999,6.635263926,3.224066951,0.7267369201,0.003690518157,0.003099867042,0.002970191039,0.002763168185,0.002448342103,FALSE,TRUE,1.324557102,FALSE,TRUE
tess2025258001959-s0097-0000000122612091-0294-a_fast-lc.fits,122612091,97,fast,0.5545760279,0.01351194723,0.7910943,0.5545760279,0.7383699222,1.109073094,2.227305606,0.3697261263,0.01351194723,0.01237136517,0.0120763571,0.01157432757,0.01018674176,FALSE,FALSE,2.200817047,FALSE,TRUE
tess2025258001959-s0097-0000000122612091-0294-s_lc.fits,122612091,97,slow,2.207589286,0.05704655386,0.38524806,2.207589286,0.5543437878,1.108621885,0.738063636,0.3695698247,0.05704655386,0.05495627797,0.05462745519,0.04678136654,0.03692036272,TRUE,TRUE,2.200817047,TRUE,TRUE
tess2025258001959-s0097-0000000166836920-0294-a_fast-lc.fits,166836920,97,fast,2.870506994,0.02023555603,0.36280155,2.870506994,1.915322646,1.43711203,1.149987452,0.9584884076,0.02023555603,0.0196125211,0.01937260539,0.01894065143,0.01775177213,FALSE,FALSE,1.151234165,FALSE,TRUE
tess2025258001959-s0097-0000000166836920-0294-s_lc.fits,166836920,97,slow,1.92369863,0.05536160047,0.18560886,1.92369863,2.874040501,1.437728832,1.152829197,0.9586434542,0.05536160047,0.05180313687,0.04973368633,0.04775986793,0.04576388147,TRUE,FALSE,1.151234165,FALSE,TRUE
tess2025258001959-s0097-0000000178155732-0294-a_fast-lc.fits,178155732,97,fast,8.190157586,0.01670153847,0.08136272,8.190157586,6.726754064,10.46732027,2.604665036,4.453301516,0.01670153847,0.008349607674,0.006984239274,0.004974259446,0.004948976065,FALSE,FALSE,3.088487427,FALSE,FALSE
tess2025258001959-s0097-0000000178155732-0294-s_lc.fits,178155732,97,slow,7.657178673,0.03090786745,0.05381107,7.657178673,5.208246851,3.472809607,11.31487439,1.973503909,0.03090786745,0.02031139958,0.01567972847,0.01457618266,0.01372019085,FALSE,FALSE,3.088487427,FALSE,TRUE
tess2025258001959-s0097-0000000207110080-0294-a_fast-lc.fits,207110080,97,fast,13.65498209,0.0006947008822,1.01408839,13.65498209,0.7688000353,5.174047519,1.604906777,2.101084703,0.0006947008822,0.0005184465385,0.0005149635839,0.0005102282229,0.0005099095261,FALSE,FALSE,1.324557102,FALSE,TRUE
tess2025258001959-s0097-0000000207110080-0294-s_lc.fits,207110080,97,slow,1.614723372,0.002219942,0.43750942,1.614723372,4.309946381,2.438012917,6.469748541,0.2241591809,0.002219942,0.001884832525,0.001653061831,0.001635555911,0.00149487644,FALSE,FALSE,1.324557102,FALSE,TRUE